{
  "model_name": "RandomForest",
  "threshold": 0.4999999999999998,
  "train": {
    "accuracy": 0.9833333333333333,
    "report": {
      "0": {
        "precision": 0.9952830188679245,
        "recall": 0.985981308411215,
        "f1-score": 0.9906103286384976,
        "support": 214.0
      },
      "1": {
        "precision": 0.8928571428571429,
        "recall": 0.9615384615384616,
        "f1-score": 0.9259259259259259,
        "support": 26.0
      },
      "accuracy": 0.9833333333333333,
      "macro avg": {
        "precision": 0.9440700808625337,
        "recall": 0.9737598849748383,
        "f1-score": 0.9582681272822118,
        "support": 240.0
      },
      "weighted avg": {
        "precision": 0.9841868823000899,
        "recall": 0.9833333333333333,
        "f1-score": 0.983602851677969,
        "support": 240.0
      }
    },
    "confusion_matrix": [
      [
        211,
        3
      ],
      [
        1,
        25
      ]
    ]
  },
  "test": {
    "accuracy": 0.9666666666666667,
    "report": {
      "0": {
        "precision": 0.9636363636363636,
        "recall": 1.0,
        "f1-score": 0.9814814814814815,
        "support": 53.0
      },
      "1": {
        "precision": 1.0,
        "recall": 0.7142857142857143,
        "f1-score": 0.8333333333333334,
        "support": 7.0
      },
      "accuracy": 0.9666666666666667,
      "macro avg": {
        "precision": 0.9818181818181818,
        "recall": 0.8571428571428572,
        "f1-score": 0.9074074074074074,
        "support": 60.0
      },
      "weighted avg": {
        "precision": 0.9678787878787879,
        "recall": 0.9666666666666667,
        "f1-score": 0.9641975308641976,
        "support": 60.0
      }
    },
    "confusion_matrix": [
      [
        53,
        0
      ],
      [
        2,
        5
      ]
    ]
  },
  "feature_importance": {
    "features": [
      "volt",
      "ampere",
      "temperature",
      "ampere_lag1",
      "volt_lag1",
      "temperature_lag1",
      "전류이동평균",
      "전압이동평균",
      "온도이동평균",
      "전류이동표준편차",
      "전압이동표준편차",
      "온도이동표준편차",
      "△전류",
      "△전압",
      "△온도",
      "tertile",
      "시간변화량(초)",
      "rec_num",
      "두께변화량",
      "최종두께",
      "sequence_index"
    ],
    "importances": [
      0.021781202808129948,
      0.06287936538707334,
      0.09579157772265864,
      0.060745353548848094,
      0.024209255100288173,
      0.09237513355893419,
      0.06577125915041178,
      0.02628046734901407,
      0.08349630745662712,
      0.02576805967439235,
      0.009550789419498924,
      0.014751009653218732,
      0.01744489271741997,
      0.014137102866392219,
      0.02212542564154694,
      0.03367278334334478,
      0.13644067664956291,
      0.002494420767471259,
      0.04139938492854583,
      0.07772436823647547,
      0.07116116402014536
    ]
  }
}